id	name	abstract	data_type	default_task	attribute_type	n_instances	n_attrs	y	area	url	
1	Abalone	Predict the age of abalone from physical measurements	Multivariate	Classification	Categorical, Integer, Real	4177	8	1995	Life	http://archive.ics.uci.edu/ml/datasets/Abalone
2	Adult	Predict whether income exceeds $50K/yr based on census data.  Also known as "Census Income" dataset.	Multivariate	Classification	Categorical, Integer	48842	14	1996	Social	http://archive.ics.uci.edu/ml/datasets/Adult
3	Annealing	Steel annealing data	Multivariate	Classification	Categorical, Integer, Real	798	38		Physical	http://archive.ics.uci.edu/ml/datasets/Annealing
4	Anonymous Microsoft Web Data	Log of anonymous users of www.microsoft.com; predict areas of the web site a user visited based on data on other areas the user visited.		Recommender-Systems	Categorical	37711	294	1998	Computer	http://archive.ics.uci.edu/ml/datasets/Anonymous+Microsoft+Web+Data
5	Arrhythmia	Distinguish between the presence and absence of cardiac arrhythmia and classify it in one of the 16 groups.	Multivariate	Classification	Categorical, Integer, Real	452	279	1998	Life	http://archive.ics.uci.edu/ml/datasets/Arrhythmia
6	Artificial Characters	Dataset artificially generated by using first order theory which describes structure of ten capital letters of English alphabet	Multivariate	Classification	Categorical, Integer, Real	6000	7	1992	Computer	http://archive.ics.uci.edu/ml/datasets/Artificial+Characters
7	Audiology (Original)	Nominal audiology dataset from Baylor	Multivariate	Classification	Categorical	226		1987	Life	http://archive.ics.uci.edu/ml/datasets/Audiology+%28Original%29
8	Audiology (Standardized)	Standardized version of the original audiology database	Multivariate	Classification	Categorical	226	69	1992	Life	http://archive.ics.uci.edu/ml/datasets/Audiology+%28Standardized%29
9	Auto MPG	Revised from CMU StatLib library, data concerns city-cycle fuel consumption	Multivariate	Regression	Categorical, Real	398	8	1993	Other	http://archive.ics.uci.edu/ml/datasets/Auto+MPG
10	Automobile	From 1985 Ward's Automotive Yearbook	Multivariate	Regression	Categorical, Integer, Real	205	26	1987	Other	http://archive.ics.uci.edu/ml/datasets/Automobile
11	Badges	Badges labeled with a "+" or "-" as a function of a person's name	Univariate, Text	Classification		294	1	1994	Other	http://archive.ics.uci.edu/ml/datasets/Badges
12	Balance Scale	Balance scale weight & distance database	Multivariate	Classification	Categorical	625	4	1994	Social	http://archive.ics.uci.edu/ml/datasets/Balance+Scale
13	Balloons	Data previously used in cognitive psychology experiment; 4 data sets represent different conditions of an experiment	Multivariate	Classification	Categorical	16	4		Social	http://archive.ics.uci.edu/ml/datasets/Balloons
14	Breast Cancer	Breast Cancer Data (Restricted Access)	Multivariate	Classification	Categorical	286	9	1988	Life	http://archive.ics.uci.edu/ml/datasets/Breast+Cancer
15	Breast Cancer Wisconsin (Original)	Original Wisconsin Breast Cancer Database	Multivariate	Classification	Integer	699	10	1992	Life	http://archive.ics.uci.edu/ml/datasets/Breast+Cancer+Wisconsin+%28Original%29
16	Breast Cancer Wisconsin (Prognostic)	Prognostic Wisconsin Breast Cancer Database	Multivariate	Classification, Regression	Real	198	34	1995	Life	http://archive.ics.uci.edu/ml/datasets/Breast+Cancer+Wisconsin+%28Prognostic%29
17	Breast Cancer Wisconsin (Diagnostic)	Diagnostic Wisconsin Breast Cancer Database	Multivariate	Classification	Real	569	32	1995	Life	http://archive.ics.uci.edu/ml/datasets/Breast+Cancer+Wisconsin+%28Diagnostic%29
18	Pittsburgh Bridges	Bridges database that has original and numeric-discretized datasets	Multivariate	Classification	Categorical, Integer	108	13	1990	Other	http://archive.ics.uci.edu/ml/datasets/Pittsburgh+Bridges
19	Car Evaluation	Derived from simple hierarchical decision model, this database may be useful for testing constructive induction and structure discovery methods.	Multivariate	Classification	Categorical	1728	6	1997	Other	http://archive.ics.uci.edu/ml/datasets/Car+Evaluation
20	Census Income	Predict whether income exceeds $50K/yr based on census data.  Also known as "Adult" dataset.	Multivariate	Classification	Categorical, Integer	48842	14	1996	Social	http://archive.ics.uci.edu/ml/datasets/Census+Income
21	Chess (King-Rook vs. King-Knight)	Knight Pin Chess End-Game Database Creator	Multivariate, Data-Generator	Classification	Categorical, Integer		22	1988	Game	http://archive.ics.uci.edu/ml/datasets/Chess+%28King-Rook+vs.+King-Knight%29
22	Chess (King-Rook vs. King-Pawn)	King+Rook versus King+Pawn on a7 (usually abbreviated KRKPA7).	Multivariate	Classification	Categorical	3196	36	1989	Game	http://archive.ics.uci.edu/ml/datasets/Chess+%28King-Rook+vs.+King-Pawn%29
23	Chess (King-Rook vs. King)	Chess Endgame Database for White King and Rook against Black King (KRK).	Multivariate	Classification	Categorical, Integer	28056	6	1994	Game	http://archive.ics.uci.edu/ml/datasets/Chess+%28King-Rook+vs.+King%29
24	Chess (Domain Theories)	6 different domain theories for generating legal moves of chess	Domain-Theory						Game	http://archive.ics.uci.edu/ml/datasets/Chess+%28Domain+Theories%29
25	Bach Chorales	Time-series data based on chorales; challenge is to learn generative grammar; data in Lisp	Univariate, Time-Series		Categorical, Integer	100	6		Other	http://archive.ics.uci.edu/ml/datasets/Bach+Chorales
26	Connect-4	Contains connect-4 positions	Multivariate, Spatial	Classification	Categorical	67557	42	1995	Game	http://archive.ics.uci.edu/ml/datasets/Connect-4
27	Credit Approval	This data concerns credit card applications; good mix of attributes	Multivariate	Classification	Categorical, Integer, Real	690	15		Financial	http://archive.ics.uci.edu/ml/datasets/Credit+Approval
28	Japanese Credit Screening	Includes domain theory (generated by talking to Japanese domain experts); data in Lisp	Multivariate, Domain-Theory	Classification	Categorical, Real, Integer	125		1992	Financial	http://archive.ics.uci.edu/ml/datasets/Japanese+Credit+Screening
29	Computer Hardware	Relative CPU Performance Data, described in terms of its cycle time, memory size, etc.	Multivariate	Regression	Integer	209	9	1987	Computer	http://archive.ics.uci.edu/ml/datasets/Computer+Hardware
30	Contraceptive Method Choice	Dataset is a subset of the 1987 National Indonesia Contraceptive Prevalence Survey.	Multivariate	Classification	Categorical, Integer	1473	9	1997	Life	http://archive.ics.uci.edu/ml/datasets/Contraceptive+Method+Choice
31	Covertype	Forest CoverType dataset	Multivariate	Classification	Categorical, Integer	581012	54	1998	Life	http://archive.ics.uci.edu/ml/datasets/Covertype
32	Cylinder Bands	Used in decision tree induction for mitigating process delays known as "cylinder bands" in rotogravure printing	Multivariate	Classification	Categorical, Integer, Real	512	39	1995	Physical	http://archive.ics.uci.edu/ml/datasets/Cylinder+Bands
33	Dermatology	Aim for this dataset is to determine the type of Eryhemato-Squamous Disease.	Multivariate	Classification	Categorical, Integer	366	33	1998	Life	http://archive.ics.uci.edu/ml/datasets/Dermatology
34	Diabetes	This diabetes dataset is from AIM '94	Multivariate, Time-Series		Categorical, Integer		20		Life	http://archive.ics.uci.edu/ml/datasets/Diabetes
35	DGP2 - The Second Data Generation Program	Generates application domains based on specific parameters, number of features, and proportion of positive to negative examples	Data-Generator		Real				Other	http://archive.ics.uci.edu/ml/datasets/DGP2+-+The+Second+Data+Generation+Program
36	Document Understanding	Five concepts, expressed as predicates, to be learned						1994	Other	http://archive.ics.uci.edu/ml/datasets/Document+Understanding
37	EBL Domain Theories	Assorted small-scale domain theories							Computer	http://archive.ics.uci.edu/ml/datasets/EBL+Domain+Theories
38	Echocardiogram	Data for classifying if patients will survive for at least one year after a heart attack	Multivariate	Classification	Categorical, Integer, Real	132	12	1989	Life	http://archive.ics.uci.edu/ml/datasets/Echocardiogram
39	Ecoli	This data contains protein localization sites	Multivariate	Classification	Real	336	8	1996	Life	http://archive.ics.uci.edu/ml/datasets/Ecoli
40	Flags	From Collins Gem Guide to Flags, 1986	Multivariate	Classification	Categorical, Integer	194	30	1990	Other	http://archive.ics.uci.edu/ml/datasets/Flags
41	Function Finding	Cases collected mostly from investigations in physical science; intention is to evaluate function-finding algorithms		Function-Learning	Real	352		1990	Physical	http://archive.ics.uci.edu/ml/datasets/Function+Finding
42	Glass Identification	From USA Forensic Science Service; 6 types of glass; defined in terms of their oxide content (i.e. Na, Fe, K, etc)	Multivariate	Classification	Real	214	10	1987	Physical	http://archive.ics.uci.edu/ml/datasets/Glass+Identification
43	Haberman's Survival	Dataset contains cases from study conducted on the survival of patients who had undergone surgery for breast cancer	Multivariate	Classification	Integer	306	3	1999	Life	http://archive.ics.uci.edu/ml/datasets/Haberman%27s+Survival
44	Hayes-Roth	Topic: human subjects study	Multivariate	Classification	Categorical	160	5	1989	Social	http://archive.ics.uci.edu/ml/datasets/Hayes-Roth
45	Heart Disease	4 databases: Cleveland, Hungary, Switzerland, and the VA Long Beach	Multivariate	Classification	Categorical, Integer, Real	303	75	1988	Life	http://archive.ics.uci.edu/ml/datasets/Heart+Disease
46	Hepatitis	From G.Gong: CMU; Mostly Boolean or numeric-valued attribute types; Includes cost data (donated by Peter Turney)	Multivariate	Classification	Categorical, Integer, Real	155	19	1988	Life	http://archive.ics.uci.edu/ml/datasets/Hepatitis
47	Horse Colic	Well documented attributes; 368 instances with 28 attributes (continuous, discrete, and nominal); 30% missing values	Multivariate	Classification	Categorical, Integer, Real	368	27	1989	Life	http://archive.ics.uci.edu/ml/datasets/Horse+Colic
48	Housing	Taken from StatLib library	Multivariate	Regression	Categorical, Integer, Real	506	14	1993	Other	http://archive.ics.uci.edu/ml/datasets/Housing
49	ICU	Data set prepared for the use of participants for the 1994 AAAI Spring Symposium on Artificial Intelligence in Medicine.	Multivariate, Time-Series		Real				Life	http://archive.ics.uci.edu/ml/datasets/ICU
50	Image Segmentation	Image data described by high-level numeric-valued attributes, 7 classes	Multivariate	Classification	Real	2310	19	1990	Other	http://archive.ics.uci.edu/ml/datasets/Image+Segmentation
51	Internet Advertisements	This dataset represents a set of possible advertisements on Internet pages.	Multivariate	Classification	Categorical, Integer, Real	3279	1558	1998	Computer	http://archive.ics.uci.edu/ml/datasets/Internet+Advertisements
52	Ionosphere	Classification of radar returns from the ionosphere	Multivariate	Classification	Integer, Real	351	34	1989	Physical	http://archive.ics.uci.edu/ml/datasets/Ionosphere
53	Iris	Famous database; from Fisher, 1936	Multivariate	Classification	Real	150	4	1988	Life	http://archive.ics.uci.edu/ml/datasets/Iris
54	ISOLET	Goal: Predict which letter-name was spoken--a simple classification task.	Multivariate	Classification	Real	7797	617	1994	Computer	http://archive.ics.uci.edu/ml/datasets/ISOLET
55	Kinship	Relational dataset	Relational	Relational-Learning	Categorical	104	12	1990	Social	http://archive.ics.uci.edu/ml/datasets/Kinship
56	Labor Relations	From Collective Bargaining Review	Multivariate		Categorical, Integer, Real	57	16	1988	Social	http://archive.ics.uci.edu/ml/datasets/Labor+Relations
57	LED Display Domain	From Classification and Regression Trees book; We provide here 2 C programs for generating sample databases	Multivariate, Data-Generator	Classification	Categorical		7	1988	Computer	http://archive.ics.uci.edu/ml/datasets/LED+Display+Domain
58	Lenses	Database for fitting contact lenses	Multivariate	Classification	Categorical	24	4	1990	Other	http://archive.ics.uci.edu/ml/datasets/Lenses
59	Letter Recognition	Database of character image features; try to identify the letter	Multivariate	Classification	Integer	20000	16	1991	Computer	http://archive.ics.uci.edu/ml/datasets/Letter+Recognition
60	Liver Disorders	BUPA Medical Research Ltd. database donated by Richard S. Forsyth	Multivariate		Categorical, Integer, Real	345	7	1990	Life	http://archive.ics.uci.edu/ml/datasets/Liver+Disorders
61	Logic Theorist	All code for Logic Theorist	Domain-Theory						Computer	http://archive.ics.uci.edu/ml/datasets/Logic+Theorist
62	Lung Cancer	Lung cancer data; no attribute definitions	Multivariate	Classification	Integer	32	56	1992	Life	http://archive.ics.uci.edu/ml/datasets/Lung+Cancer
63	Lymphography	This lymphography domain was obtained from the University Medical Centre, Institute of Oncology, Ljubljana, Yugoslavia.  (Restricted access)	Multivariate	Classification	Categorical	148	18	1988	Life	http://archive.ics.uci.edu/ml/datasets/Lymphography
64	Mechanical Analysis	Fault diagnosis problem of electromechanical devices; also PUMPS DATA SET is newer version with domain theory and results	Multivariate	Classification	Categorical, Integer, Real	209	8	1990	Computer	http://archive.ics.uci.edu/ml/datasets/Mechanical+Analysis
65	Meta-data	Meta-Data was used in order to give advice about which classification method is appropriate for a particular dataset (taken from results of Statlog project).	Multivariate	Classification	Categorical, Integer, Real	528	22	1996	Other	http://archive.ics.uci.edu/ml/datasets/Meta-data
66	Mobile Robots	Learning concepts from sensor data of a mobile robot; set of data sets	Domain-Theory		Categorical, Integer, Real			1995	Computer	http://archive.ics.uci.edu/ml/datasets/Mobile+Robots
67	Molecular Biology (Promoter Gene Sequences)	E. Coli promoter gene sequences (DNA) with partial domain theory	Sequential, Domain-Theory	Classification	Categorical	106	58	1990	Life	http://archive.ics.uci.edu/ml/datasets/Molecular+Biology+%28Promoter+Gene+Sequences%29
68	Molecular Biology (Protein Secondary Structure)	From CMU connectionist bench repository; Classifies secondary structure of certain globular proteins	Sequential	Classification	Categorical	128			Life	http://archive.ics.uci.edu/ml/datasets/Molecular+Biology+%28Protein+Secondary+Structure%29
69	Molecular Biology (Splice-junction Gene Sequences)	Primate splice-junction gene sequences (DNA) with associated imperfect domain theory	Sequential, Domain-Theory	Classification	Categorical	3190	61	1992	Life	http://archive.ics.uci.edu/ml/datasets/Molecular+Biology+%28Splice-junction+Gene+Sequences%29
70	MONK's Problems	A set of three artificial domains over the same attribute space; Used to test a wide range of induction algorithms	Multivariate	Classification	Categorical	432	7	1992	Other	http://archive.ics.uci.edu/ml/datasets/MONK%27s+Problems
71	Moral Reasoner	Horn-clause model that qualitatively simulates moral reasoning; Theory includes negated literals	Domain-Theory			202		1994	Computer	http://archive.ics.uci.edu/ml/datasets/Moral+Reasoner
72	Multiple Features	This dataset consists of features of handwritten numerals (`0'--`9') extracted from a collection of Dutch utility maps	Multivariate	Classification	Integer, Real	2000	649		Computer	http://archive.ics.uci.edu/ml/datasets/Multiple+Features
73	Mushroom	From Audobon Society Field Guide; mushrooms described in terms of physical characteristics; classification: poisonous or edible	Multivariate	Classification	Categorical	8124	22	1987	Life	http://archive.ics.uci.edu/ml/datasets/Mushroom
74	Musk (Version 1)	The goal is to learn to predict whether new molecules will be musks or non-musks	Multivariate	Classification	Integer	476	168	1994	Physical	http://archive.ics.uci.edu/ml/datasets/Musk+%28Version+1%29
75	Musk (Version 2)	The goal is to learn to predict whether new molecules will be musks or non-musks	Multivariate	Classification	Integer	6598	168	1994	Physical	http://archive.ics.uci.edu/ml/datasets/Musk+%28Version+2%29
76	Nursery	Nursery Database was derived from a hierarchical decision model originally developed to rank applications for nursery schools.	Multivariate	Classification	Categorical	12960	8	1997	Social	http://archive.ics.uci.edu/ml/datasets/Nursery
77	Othello Domain Theory	Used in research to generate features for an inductive learning system	Domain-Theory					1991	Game	http://archive.ics.uci.edu/ml/datasets/Othello+Domain+Theory
78	Page Blocks Classification	The problem consists of classifying all the blocks of the page layout of a document that has been detected by a segmentation process.	Multivariate	Classification	Integer, Real	5473	10	1995	Computer	http://archive.ics.uci.edu/ml/datasets/Page+Blocks+Classification
79	Pima Indians Diabetes	From National Institute of Diabetes and Digestive and Kidney Diseases; Includes cost data (donated by Peter Turney)	Multivariate	Classification	Integer, Real	768	8	1990	Life	http://archive.ics.uci.edu/ml/datasets/Pima+Indians+Diabetes
80	Optical Recognition of Handwritten Digits	Two versions of this database available; see folder	Multivariate	Classification	Integer	5620	64	1998	Computer	http://archive.ics.uci.edu/ml/datasets/Optical+Recognition+of+Handwritten+Digits
81	Pen-Based Recognition of Handwritten Digits	Digit database of 250 samples from 44 writers	Multivariate	Classification	Integer	10992	16	1998	Computer	http://archive.ics.uci.edu/ml/datasets/Pen-Based+Recognition+of+Handwritten+Digits
82	Post-Operative Patient	Dataset of patient features	Multivariate	Classification	Categorical, Integer	90	8	1993	Life	http://archive.ics.uci.edu/ml/datasets/Post-Operative+Patient
83	Primary Tumor	From Ljubljana Oncology Institute	Multivariate	Classification	Categorical	339	17	1988	Life	http://archive.ics.uci.edu/ml/datasets/Primary+Tumor
84	Prodigy	Assorted domains like blocksworld, eightpuzzle, and schedworld.	Domain-Theory						Other	http://archive.ics.uci.edu/ml/datasets/Prodigy
85	Qualitative Structure Activity Relationships	Two sets of datasets are given: pyrimidines and triazines	Domain-Theory						Physical	http://archive.ics.uci.edu/ml/datasets/Qualitative+Structure+Activity+Relationships
86	Quadruped Mammals	The file animals.c is a data generator of structured instances representing quadruped animals	Multivariate, Data-Generator	Classification	Real		72	1992	Life	http://archive.ics.uci.edu/ml/datasets/Quadruped+Mammals
87	Servo	Data was from a simulation of a servo system	Multivariate	Regression	Categorical, Integer	167	4	1993	Computer	http://archive.ics.uci.edu/ml/datasets/Servo
88	Shuttle Landing Control	Tiny database; all nominal values	Multivariate	Classification	Categorical	15	6	1988	Physical	http://archive.ics.uci.edu/ml/datasets/Shuttle+Landing+Control
89	Solar Flare	Each class attribute counts the number of solar flares of a certain class that occur in a 24 hour period	Multivariate	Regression	Categorical	1389	10	1989	Physical	http://archive.ics.uci.edu/ml/datasets/Solar+Flare
90	Soybean (Large)	Michalski's famous soybean disease database	Multivariate	Classification	Categorical	307	35	1988	Life	http://archive.ics.uci.edu/ml/datasets/Soybean+%28Large%29
91	Soybean (Small)	Michalski's famous soybean disease database	Multivariate	Classification	Categorical	47	35	1987	Life	http://archive.ics.uci.edu/ml/datasets/Soybean+%28Small%29
92	Challenger USA Space Shuttle O-Ring	Task: predict the number of O-rings that experience thermal distress on a flight at 31 degrees F given data on the previous 23 shuttle flights	Multivariate	Regression	Integer	23	4	1993	Physical	http://archive.ics.uci.edu/ml/datasets/Challenger+USA+Space+Shuttle+O-Ring
93	Low Resolution Spectrometer	From IRAS data -- NASA Ames Research Center	Multivariate	Classification	Integer, Real	531	102	1988	Physical	http://archive.ics.uci.edu/ml/datasets/Low+Resolution+Spectrometer
94	Spambase	Classifying Email as Spam or Non-Spam	Multivariate	Classification	Integer, Real	4601	57	1999	Computer	http://archive.ics.uci.edu/ml/datasets/Spambase
95	SPECT Heart	Data on cardiac Single Proton Emission Computed Tomography (SPECT) images. Each patient classified into two categories: normal and abnormal.	Multivariate	Classification	Categorical	267	22	2001	Life	http://archive.ics.uci.edu/ml/datasets/SPECT+Heart
96	SPECTF Heart	Data on cardiac Single Proton Emission Computed Tomography (SPECT) images. Each patient classified into two categories: normal and abnormal.	Multivariate	Classification	Integer	267	44	2001	Life	http://archive.ics.uci.edu/ml/datasets/SPECTF+Heart
97	Sponge	Data on sponges; Attributes in spanish	Multivariate	Clustering	Categorical, Integer	76	45		Life	http://archive.ics.uci.edu/ml/datasets/Sponge
98	Statlog Project	Various Databases: Vehicle silhouttes, Landsat Sattelite, Shuttle, Australian Credit Approval, Heart Disease, Image Segmentation, German Credit						1992	Other	http://archive.ics.uci.edu/ml/datasets/Statlog+Project
99	Student Loan Relational	Student Loan Relational Domain	Domain-Theory			1000		1993	Social	http://archive.ics.uci.edu/ml/datasets/Student+Loan+Relational
100	Teaching Assistant Evaluation	The data consist of evaluations of teaching performance; scores are "low", "medium", or "high"	Multivariate	Classification	Categorical, Integer	151	5	1997	Other	http://archive.ics.uci.edu/ml/datasets/Teaching+Assistant+Evaluation
101	Tic-Tac-Toe Endgame	Binary classification task on possible configurations of tic-tac-toe game	Multivariate	Classification	Categorical	958	9	1991	Game	http://archive.ics.uci.edu/ml/datasets/Tic-Tac-Toe+Endgame
102	Thyroid Disease	10 separate databases from Garavan Institute	Multivariate, Domain-Theory	Classification	Categorical, Real	7200	21	1987	Life	http://archive.ics.uci.edu/ml/datasets/Thyroid+Disease
103	Trains	2 data formats (structured, one-instance-per-line)	Multivariate	Classification	Categorical	10	32	1994	Other	http://archive.ics.uci.edu/ml/datasets/Trains
104	University	Data in original (LISP-readable) form	Multivariate	Classification	Categorical, Integer	285	17	1988	Other	http://archive.ics.uci.edu/ml/datasets/University
105	Congressional Voting Records	1984 United Stated Congressional Voting Records; Classify as Republican or Democrat	Multivariate	Classification	Categorical	435	16	1987	Social	http://archive.ics.uci.edu/ml/datasets/Congressional+Voting+Records
106	Water Treatment Plant	Multiple classes predict plant state	Multivariate	Clustering	Integer, Real	527	38	1993	Physical	http://archive.ics.uci.edu/ml/datasets/Water+Treatment+Plant
107	Waveform Database Generator (Version 1)	CART book's waveform domains	Multivariate, Data-Generator	Classification	Real	5000	21	1988	Physical	http://archive.ics.uci.edu/ml/datasets/Waveform+Database+Generator+%28Version+1%29
108	Waveform Database Generator (Version 2)	CART book's waveform domains	Multivariate, Data-Generator	Classification	Real	5000	40	1988	Physical	http://archive.ics.uci.edu/ml/datasets/Waveform+Database+Generator+%28Version+2%29
109	Wine	Using chemical analysis determine the origin of wines	Multivariate	Classification	Integer, Real	178	13	1991	Physical	http://archive.ics.uci.edu/ml/datasets/Wine
110	Yeast	Predicting the Cellular Localization Sites of Proteins	Multivariate	Classification	Real	1484	8	1996	Life	http://archive.ics.uci.edu/ml/datasets/Yeast
111	Zoo	Artificial, 7 classes of animals	Multivariate	Classification	Categorical, Integer	101	17	1990	Life	http://archive.ics.uci.edu/ml/datasets/Zoo
112	Undocumented	Various datasets without documentation (feel free to explore!)							Other	http://archive.ics.uci.edu/ml/datasets/Undocumented
113	Twenty Newsgroups	This data set consists of 20000 messages taken from 20 newsgroups.	Text			20000		1999	Other	http://archive.ics.uci.edu/ml/datasets/Twenty+Newsgroups
114	Australian Sign Language signs	This data consists of sample of Auslan (Australian Sign Language) signs. Examples of 95 signs were collected from five signers with a total of 6650 sign samples.	Multivariate, Time-Series	Classification	Categorical, Real	6650	15	1999	Other	http://archive.ics.uci.edu/ml/datasets/Australian+Sign+Language+signs
115	Australian Sign Language signs (High Quality)	This data consists of sample of Auslan (Australian Sign Language) signs. 27 examples of each of 95 Auslan signs were captured from a native signer using high-quality position trackers	Multivariate, Time-Series	Classification	Real	2565	22	2002	Other	http://archive.ics.uci.edu/ml/datasets/Australian+Sign+Language+signs+%28High+Quality%29
116	US Census Data (1990)	The USCensus1990raw data set contains a one percent sample of the Public Use Microdata Samples (PUMS) person records drawn from the full 1990 census sample.	Multivariate	Clustering	Categorical	2458285	68		Social	http://archive.ics.uci.edu/ml/datasets/US+Census+Data+%281990%29
117	Census-Income (KDD)	This data set contains weighted census data extracted from the 1994 and 1995 current population surveys conducted by the U.S. Census Bureau.	Multivariate	Classification	Categorical, Integer	299285	40	2000	Social	http://archive.ics.uci.edu/ml/datasets/Census-Income+%28KDD%29
118	Coil 1999 Competition Data	This data set is from the 1999 Computational Intelligence and Learning (COIL) competition. The data contains measurements of river chemical concentrations and algae densities.	Multivariate		Categorical, Real	340	17	1999	Physical	http://archive.ics.uci.edu/ml/datasets/Coil+1999+Competition+Data
119	Corel Image Features	This dataset contains image features extracted from a Corel image collection. Four sets of features are available based on the color histogram, color histogram layout, color moments, and co-occurence	Multivariate		Real	68040	89	1999	Other	http://archive.ics.uci.edu/ml/datasets/Corel+Image+Features
120	E. Coli Genes	Data giving characteristics of each ORF (potential gene) in the E. coli genome. Sequence, homology (similarity to other genes) and structural information, and function (if known) are provided.	Relational					2001	Life	http://archive.ics.uci.edu/ml/datasets/E.+Coli+Genes
121	EEG Database	This data arises from a large study to examine EEG correlates of genetic predisposition to alcoholism. It contains measurements from 64 electrodes placed on the scalp sampled at 256 Hz	Multivariate, Time-Series		Categorical, Integer, Real	122	4	1999	Life	http://archive.ics.uci.edu/ml/datasets/EEG+Database
122	El Nino	The data set contains oceanographic and surface meteorological readings taken from a series of buoys positioned throughout the equatorial Pacific.	Spatio-temporal		Integer, Real	178080	12	1999	Physical	http://archive.ics.uci.edu/ml/datasets/El+Nino
123	Entree Chicago Recommendation Data	This data contains a record of user interactions with the Entree Chicago restaurant recommendation system.	Transactional, Sequential	Recommender-Systems	Categorical	50672		2000	Other	http://archive.ics.uci.edu/ml/datasets/Entree+Chicago+Recommendation+Data
124	CMU Face Images	This data consists of 640 black and white face images of people taken with varying pose (straight, left, right, up), expression (neutral, happy, sad, angry), eyes (wearing sunglasses or not), and size	Image	Classification	Integer	640		1999	Other	http://archive.ics.uci.edu/ml/datasets/CMU+Face+Images
125	Insurance Company Benchmark (COIL 2000)	This data set used in the CoIL 2000 Challenge contains information on customers of an insurance company. The data consists of 86 variables and includes product usage data and socio-demographic data	Multivariate	Regression, Description	Categorical, Integer	9000	86	2000	Social	http://archive.ics.uci.edu/ml/datasets/Insurance+Company+Benchmark+%28COIL+2000%29
126	Internet Usage Data	This data contains general demographic information on internet users in 1997.	Multivariate		Categorical, Integer	10104	72	1999	Computer	http://archive.ics.uci.edu/ml/datasets/Internet+Usage+Data
127	IPUMS Census Database	This data set contains unweighted PUMS census data from the Los Angeles and Long Beach areas for the years 1970, 1980, and 1990.	Multivariate		Categorical, Integer	256932	61	1999	Social	http://archive.ics.uci.edu/ml/datasets/IPUMS+Census+Database
128	Japanese Vowels	This dataset records 640 time series of 12 LPC cepstrum coefficients taken from nine male speakers.	Multivariate, Time-Series	Classification	Real	640	12		Other	http://archive.ics.uci.edu/ml/datasets/Japanese+Vowels
129	KDD Cup 1998 Data	This is the data set used for The Second International Knowledge Discovery and Data Mining Tools Competition, which was held in conjunction with KDD-98	Multivariate	Regression	Categorical, Integer	191779	481	1998	Other	http://archive.ics.uci.edu/ml/datasets/KDD+Cup+1998+Data
130	KDD Cup 1999 Data	This is the data set used for The Third International Knowledge Discovery and Data Mining Tools Competition, which was held in conjunction with KDD-99	Multivariate	Classification	Categorical, Integer	4000000	42	1999	Computer	http://archive.ics.uci.edu/ml/datasets/KDD+Cup+1999+Data
131	M. Tuberculosis Genes	Data giving characteristics of each ORF (potential gene) in the M. tuberculosis bacterium. Sequence, homology (similarity to other genes) and structural information, and function (if known) are provided	Relational					2001	Life	http://archive.ics.uci.edu/ml/datasets/M.+Tuberculosis+Genes
132	Movie	This data set contains a list of over 10000 films including many older, odd, and cult films. There is information on actors, casts, directors, producers, studios, etc.	Multivariate, Relational			10000		1999	Other	http://archive.ics.uci.edu/ml/datasets/Movie
133	MSNBC.com Anonymous Web Data	This data describes the page visits of users who visited msnbc.com on September 28, 1999. Visits are recorded at the level of URL category (see description) and are recorded in time order.	Sequential		Categorical	989818			Computer	http://archive.ics.uci.edu/ml/datasets/MSNBC.com+Anonymous+Web+Data
134	NSF Research Award Abstracts 1990-2003	This data set consists of (a) 129,000 abstracts describing NSF awards for basic research, (b) bag-of-word data files extracted from the abstracts, (c) a list of words used for indexing the bag-of-word	Text			129000		2003	Other	http://archive.ics.uci.edu/ml/datasets/NSF+Research+Award+Abstracts+1990-2003
135	Pioneer-1 Mobile Robot Data	This dataset contains time series sensor readings of the Pioneer-1 mobile robot. The data is broken into "experiences" in which the robot takes action for some period of time and experiences a control	Multivariate, Time-Series		Categorical, Real			1999	Computer	http://archive.ics.uci.edu/ml/datasets/Pioneer-1+Mobile+Robot+Data
136	Pseudo Periodic Synthetic Time Series	This data set is designed for testing indexing schemes in time series databases. The data appears highly periodic, but never exactly repeats itself.	Univariate, Time-Series			100000		1999	Other	http://archive.ics.uci.edu/ml/datasets/Pseudo+Periodic+Synthetic+Time+Series
137	Reuters-21578 Text Categorization Collection	This is a collection of documents that appeared on Reuters newswire in 1987. The documents were assembled and indexed with categories.	Text	Classification	Categorical	21578	5	1997	Other	http://archive.ics.uci.edu/ml/datasets/Reuters-21578+Text+Categorization+Collection
138	Robot Execution Failures	This dataset contains force and torque measurements on a robot after failure detection. Each failure is characterized by 15 force/torque samples collected at regular time intervals	Multivariate, Time-Series	Classification	Integer	463	90	1999	Physical	http://archive.ics.uci.edu/ml/datasets/Robot+Execution+Failures
139	Synthetic Control Chart Time Series	This data consists of synthetically generated control charts.	Time-Series	Classification, Clustering	Real	600		1999	Other	http://archive.ics.uci.edu/ml/datasets/Synthetic+Control+Chart+Time+Series
140	Syskill and Webert Web Page Ratings	This database contains HTML source of web pages plus the ratings of a single user on these web pages. Web pages are on four seperate subjects (Bands- recording artists; Goats; Sheep; and BioMedical)	Multivariate, Text	Classification	Categorical	332	5	1998	Computer	http://archive.ics.uci.edu/ml/datasets/Syskill+and+Webert+Web+Page+Ratings
141	UNIX User Data	This file contains 9 sets of sanitized user data drawn from the command histories of 8 UNIX computer users at Purdue over the course of up to 2 years.	Text, Sequential						Computer	http://archive.ics.uci.edu/ml/datasets/UNIX+User+Data
142	Volcanoes on Venus - JARtool experiment	The JARtool project was a pioneering effort to develop an automatic system for cataloging small volcanoes in the large set of Venus images returned by the Magellan spacecraft.	Image	Classification					Physical	http://archive.ics.uci.edu/ml/datasets/Volcanoes+on+Venus+-+JARtool+experiment
143	Statlog (Australian Credit Approval)	This file concerns credit card applications. This database exists elsewhere in the repository (Credit Screening Database) in a slightly different form	Multivariate	Classification	Categorical, Integer, Real	690	14		Financial	http://archive.ics.uci.edu/ml/datasets/Statlog+%28Australian+Credit+Approval%29
144	Statlog (German Credit Data)	This dataset classifies people described by a set of attributes as good or bad credit risks. Comes in two formats (one all numeric). Also comes with a cost matrix	Multivariate	Classification	Categorical, Integer	1000	20	1994	Financial	http://archive.ics.uci.edu/ml/datasets/Statlog+%28German+Credit+Data%29
145	Statlog (Heart)	This dataset is a heart disease database similar to a database already present in the repository (Heart Disease databases) but in a slightly different form	Multivariate	Classification	Categorical, Real	270	13		Life	http://archive.ics.uci.edu/ml/datasets/Statlog+%28Heart%29
146	Statlog (Landsat Satellite)	Multi-spectral values of pixels in 3x3 neighbourhoods in a satellite image, and the classification associated with the central pixel in each neighbourhood	Multivariate	Classification	Integer	6435	36	1993	Physical	http://archive.ics.uci.edu/ml/datasets/Statlog+%28Landsat+Satellite%29
147	Statlog (Image Segmentation)	This dataset is an image segmentation database similar to a database already present in the repository (Image segmentation database) but in a slightly different form.	Multivariate	Classification	Real	2310	19	1990	Other	http://archive.ics.uci.edu/ml/datasets/Statlog+%28Image+Segmentation%29
148	Statlog (Shuttle)	The shuttle dataset contains 9 attributes all of which are numerical. Approximately 80% of the data belongs to class 1	Multivariate	Classification	Integer	58000	9		Physical	http://archive.ics.uci.edu/ml/datasets/Statlog+%28Shuttle%29
149	Statlog (Vehicle Silhouettes)	3D objects within a 2D image by application of an ensemble of shape feature extractors to the 2D silhouettes of the objects.	Multivariate	Classification	Integer	946	18		Other	http://archive.ics.uci.edu/ml/datasets/Statlog+%28Vehicle+Silhouettes%29
150	Connectionist Bench (Nettalk Corpus)	The file "nettalk.data" contains a list of 20,008 English words, along with a phonetic transcription for each word. The task is to train a network to produce the proper phonemes	Multivariate		Categorical	20008	4		Other	http://archive.ics.uci.edu/ml/datasets/Connectionist+Bench+%28Nettalk+Corpus%29
151	Connectionist Bench (Sonar, Mines vs. Rocks)	The task is to train a network to discriminate between sonar signals bounced off a metal cylinder and those bounced off a roughly cylindrical rock.	Multivariate	Classification	Real	208	60		Physical	http://archive.ics.uci.edu/ml/datasets/Connectionist+Bench+%28Sonar%2C+Mines+vs.+Rocks%29
152	Connectionist Bench (Vowel Recognition - Deterding Data)	Speaker independent recognition of the eleven steady state vowels of British English using a specified training set of lpc derived log area ratios.		Classification	Real	528	10		Other	http://archive.ics.uci.edu/ml/datasets/Connectionist+Bench+%28Vowel+Recognition+-+Deterding+Data%29
153	Economic Sanctions	Domain Theory on Economic Sanctions; Undocumented	Domain-Theory						Financial	http://archive.ics.uci.edu/ml/datasets/Economic+Sanctions
154	Protein Data	Undocumented							Life	http://archive.ics.uci.edu/ml/datasets/Protein+Data
155	Cloud	Little Documentation	Multivariate		Real	1024	10	1989	Physical	http://archive.ics.uci.edu/ml/datasets/Cloud
156	CalIt2 Building People Counts	This data comes from the main door of the CalIt2 building at UCI.	Multivariate, Time-Series		Categorical, Integer	10080	4	2006	Other	http://archive.ics.uci.edu/ml/datasets/CalIt2+Building+People+Counts
157	Dodgers Loop Sensor	Loop sensor data was collected for the Glendale on ramp for the 101 North freeway in Los Angeles	Multivariate, Time-Series		Categorical, Integer	50400	3	2006	Other	http://archive.ics.uci.edu/ml/datasets/Dodgers+Loop+Sensor
158	Poker Hand	Purpose is to predict poker hands	Multivariate	Classification	Categorical, Integer	1025010	11	2007	Game	http://archive.ics.uci.edu/ml/datasets/Poker+Hand
159	MAGIC Gamma Telescope	Data are MC generated to simulate registration of high energy gamma particles in an atmospheric Cherenkov telescope	Multivariate	Classification	Real	19020	11	2007	Physical	http://archive.ics.uci.edu/ml/datasets/MAGIC+Gamma+Telescope
160	UJI Pen Characters	Data consists of written characters in a UNIPEN-like format	Multivariate, Sequential	Classification	Integer	1364		2007	Computer	http://archive.ics.uci.edu/ml/datasets/UJI+Pen+Characters
161	Mammographic Mass	Discrimination of benign and malignant mammographic masses based on BI-RADS attributes and the patient's age.	Multivariate	Classification	Integer	961	6	2007	Life	http://archive.ics.uci.edu/ml/datasets/Mammographic+Mass
162	Forest Fires	This is a difficult regression task, where the aim is to predict the burned area of forest fires, in the northeast region of Portugal, by using meteorological and other data (see details at: http://www.dsi.uminho.pt/~pcortez/forestfires).	Multivariate	Regression	Real	517	13	2008	Physical	http://archive.ics.uci.edu/ml/datasets/Forest+Fires
163	Reuters Transcribed Subset	This dataset is created by reading out 200 files from the 10 largest Reuters classes and using an Automatic Speech Recognition system to create corresponding transcriptions.	Text	Classification		200		2008	Business	http://archive.ics.uci.edu/ml/datasets/Reuters+Transcribed+Subset
164	Bag of Words	This data set contains five text collections in the form of bags-of-words.	Text	Clustering	Integer	8000000	100000	2008	Other	http://archive.ics.uci.edu/ml/datasets/Bag+of+Words
165	Concrete Compressive Strength	Concrete is the most important material in civil engineering. The concrete compressive strength is a highly nonlinear function of age and ingredients.	Multivariate	Regression	Real	1030	9	2007	Physical	http://archive.ics.uci.edu/ml/datasets/Concrete+Compressive+Strength
166	Hill-Valley	Each record represents 100 points on a two-dimensional graph. When plotted in order (from 1 through 100) as the Y co-ordinate, the points will create either a Hill (a “bump” in the terrain) or a Valley (a “dip” in the terrain).	Sequential	Classification	Real	606	101	2008	Other	http://archive.ics.uci.edu/ml/datasets/Hill-Valley
167	Arcene	ARCENE's task is to distinguish cancer versus normal patterns from mass-spectrometric data. This is a two-class classification problem with continuous input variables. This dataset is one of 5 datasets of the NIPS 2003 feature selection challenge.	Multivariate	Classification	Real	900	10000	2008	Life	http://archive.ics.uci.edu/ml/datasets/Arcene
168	Dexter	DEXTER is a text classification problem in a bag-of-word representation. This is a two-class classification problem with sparse continuous input variables. This dataset is one of five datasets of the NIPS 2003 feature selection challenge.	Multivariate	Classification	Integer	2600	20000	2008	Other	http://archive.ics.uci.edu/ml/datasets/Dexter
169	Dorothea	DOROTHEA is a drug discovery dataset. Chemical compounds represented by structural molecular features must be classified as active (binding to thrombin) or inactive. This is one of 5 datasets of the NIPS 2003 feature selection challenge.	Multivariate	Classification	Integer	1950	100000	2008	Life	http://archive.ics.uci.edu/ml/datasets/Dorothea
170	Gisette	GISETTE is a handwritten digit recognition problem. The problem is to separate the highly confusible digits '4' and '9'. This dataset is one of five datasets of the NIPS 2003 feature selection challenge.	Multivariate	Classification	Integer	13500	5000	2008	Computer	http://archive.ics.uci.edu/ml/datasets/Gisette
171	Madelon	MADELON is an artificial dataset, which was part of the NIPS 2003 feature selection challenge. This is a two-class classification problem with continuous input variables. The difficulty is that the problem is multivariate and highly non-linear.	Multivariate	Classification	Real	4400	500	2008	Other	http://archive.ics.uci.edu/ml/datasets/Madelon
172	Ozone Level Detection	Two ground ozone level data sets are included in this collection. One is the eight hour peak set (eighthr.data), the other is the one hour peak set (onehr.data). Those data were collected from 1998 to 2004 at the Houston, Galveston and Brazoria area.	Multivariate, Sequential, Time-Series	Classification	Real	2536	73	2008	Physical	http://archive.ics.uci.edu/ml/datasets/Ozone+Level+Detection
173	Abscisic Acid Signaling Network	The objective is to determine the set of boolean rules that describe the interactions of the nodes within this plant signaling network.  The dataset includes 300 separate boolean pseudodynamic simulations using an asynchronous update scheme.	Multivariate	Causal-Discovery	Integer	300	43	2008	Life	http://archive.ics.uci.edu/ml/datasets/Abscisic+Acid+Signaling+Network
174	Parkinsons	Oxford Parkinson's Disease Detection Dataset	Multivariate	Classification	Real	197	23	2008	Life	http://archive.ics.uci.edu/ml/datasets/Parkinsons
175	Character Trajectories	Multiple, labelled samples of pen tip trajectories recorded whilst writing individual characters. All samples are from the same writer, for the purposes of primitive extraction. Only characters with a single pen-down segment were considered.	Time-Series	Classification, Clustering	Real	2858	3	2008	Computer	http://archive.ics.uci.edu/ml/datasets/Character+Trajectories
176	Blood Transfusion Service Center	Data taken from the Blood Transfusion Service Center in Hsin-Chu City in Taiwan -- this is a classification problem.	Multivariate	Classification	Real	748	5	2008	Business	http://archive.ics.uci.edu/ml/datasets/Blood+Transfusion+Service+Center
177	UJI Pen Characters (Version 2)	A pen-based database with more than 11k isolated handwritten characters	Multivariate, Sequential	Classification	Integer	11640		2009	Computer	http://archive.ics.uci.edu/ml/datasets/UJI+Pen+Characters+%28Version+2%29
178	Semeion Handwritten Digit	1593 handwritten digits from around 80 persons were scanned, stretched in a rectangular box 16x16 in a gray scale of 256 values.	Multivariate	Classification	Integer	1593	256	2008	Computer	http://archive.ics.uci.edu/ml/datasets/Semeion+Handwritten+Digit
179	SECOM	Data from a semi-conductor manufacturing process	Multivariate	Classification, Causal-Discovery	Real	1567	591	2008	Computer	http://archive.ics.uci.edu/ml/datasets/SECOM
180	Plants	Data has been extracted from the USDA plants database. It contains all plants (species and genera) in the database and the states of USA and Canada where they occur.	Multivariate	Clustering	Categorical	22632	70	2008	Life	http://archive.ics.uci.edu/ml/datasets/Plants
181	Libras Movement	The data set contains 15 classes of 24 instances each. Each class references to a hand movement type in LIBRAS (Portuguesename 'LÍngua BRAsileira de Sinais', oficial brazilian signal language).	Multivariate, Sequential	Classification, Clustering	Real	360	91	2009	Other	http://archive.ics.uci.edu/ml/datasets/Libras+Movement
182	Concrete Slump Test	Concrete is a highly complex material. The slump flow of concrete is not only determined by the water content, but that is also influenced by other concrete ingredients.	Multivariate	Regression	Real	103	10	2009	Computer	http://archive.ics.uci.edu/ml/datasets/Concrete+Slump+Test
183	Communities and Crime	Communities within the United States. The data combines socio-economic data from the 1990 US Census, law enforcement data from the 1990 US LEMAS survey, and crime data from the 1995 FBI UCR.	Multivariate	Regression	Real	1994	128	2009	Social	http://archive.ics.uci.edu/ml/datasets/Communities+and+Crime
184	Acute Inflammations	The data was created by a medical expert as a data set to test the expert system, which will perform the presumptive diagnosis of two diseases of the urinary system.	Multivariate	Classification	Categorical, Integer	120	6	2009	Life	http://archive.ics.uci.edu/ml/datasets/Acute+Inflammations
185	Wine Quality	Two datasets are included, related to red and white vinho verde wine samples, from the north of Portugal. The goal is to model wine quality based on physicochemical tests (see [Cortez et al., 2009], http://www3.dsi.uminho.pt/pcortez/wine/).	Multivariate	Classification, Regression	Real	4898	12	2009	Business	http://archive.ics.uci.edu/ml/datasets/Wine+Quality
186	URL Reputation	Anonymized 120-day subset of the ICML-09 URL data containing 2.4 million examples and 3.2 million features.	Multivariate, Time-Series	Classification	Integer, Real	2396130	3231961	2009	Computer	http://archive.ics.uci.edu/ml/datasets/URL+Reputation
187	p53 Mutants	The goal is to model mutant p53 transcriptional activity (active vs inactive) based on data extracted from biophysical simulations.	Multivariate	Classification	Real	16772	5409	2010	Life	http://archive.ics.uci.edu/ml/datasets/p53+Mutants
188	Parkinsons Telemonitoring	Oxford Parkinson's Disease Telemonitoring Dataset	Multivariate	Regression	Integer, Real	5875	26	2009	Life	http://archive.ics.uci.edu/ml/datasets/Parkinsons+Telemonitoring
189	Demospongiae	Marine sponges of the Demospongiae class classification domain.	Multivariate	Classification	Integer	503		2010	Life	http://archive.ics.uci.edu/ml/datasets/Demospongiae
190	Opinosis Opinion ⁄ Review	This dataset contains sentences extracted from user reviews on a given topic. Example topics are â€œperformance of Toyota Camryâ€� and â€œsound quality of ipod nanoâ€�.	Text			51		2010	Computer	http://archive.ics.uci.edu/ml/datasets/Opinosis+Opinion+%26frasl%3B+Review
191	Breast Tissue	Dataset with electrical impedance measurements of freshly excised tissue samples from the breast.	Multivariate	Classification	Real	106	10	2010	Life	http://archive.ics.uci.edu/ml/datasets/Breast+Tissue
192	Cardiotocography	The dataset consists of measurements of fetal heart rate (FHR) and uterine contraction (UC) features on cardiotocograms classified by expert obstetricians.	Multivariate	Classification	Real	2126	23	2010	Life	http://archive.ics.uci.edu/ml/datasets/Cardiotocography
193	Wall-Following Robot Navigation Data	The data were collected as the SCITOS G5 robot navigates through the room following the wall in a clockwise direction, for 4 rounds, using 24 ultrasound sensors arranged circularly around its 'waist'.	Multivariate, Sequential	Classification	Real	5456	24	2010	Computer	http://archive.ics.uci.edu/ml/datasets/Wall-Following+Robot+Navigation+Data
194	Spoken Arabic Digit	This dataset contains timeseries of mel-frequency cepstrum coefficients (MFCCs) corresponding to spoken Arabic digits.  Includes data from 44 male and 44 female native Arabic speakers.	Multivariate, Time-Series	Classification	Real	8800	13	2010	Other	http://archive.ics.uci.edu/ml/datasets/Spoken+Arabic+Digit
195	Localization Data for Person Activity	Data contains recordings of five people performing different activities. Each person wore four sensors (tags) while performing the same scenario five times.	Univariate, Sequential, Time-Series	Classification	Real	164860	8	2010	Life	http://archive.ics.uci.edu/ml/datasets/Localization+Data+for+Person+Activity
196	AutoUniv	AutoUniv is an advanced data generator for classifications tasks. The aim is to reflect the nuances and heterogeneity of real data.  Data can be generated in .csv, ARFF or C4.5 formats.	Multivariate	Classification	Categorical, Integer, Real			2010	Other	http://archive.ics.uci.edu/ml/datasets/AutoUniv
197	Steel Plates Faults	A dataset of steel platesâ€™ faults, classified into 7 different types. The goal was to train machine learning for automatic pattern recognition.	Multivariate	Classification	Integer, Real	1941	27	2010	Physical	http://archive.ics.uci.edu/ml/datasets/Steel+Plates+Faults
198	MiniBooNE particle identification	This dataset is taken from the MiniBooNE experiment and is used to distinguish electron neutrinos (signal) from muon neutrinos (background).	Multivariate	Classification	Real	130065	50	2010	Physical	http://archive.ics.uci.edu/ml/datasets/MiniBooNE+particle+identification
199	YearPredictionMSD	Prediction of the release year of a song from audio features. Songs are mostly western, commercial tracks ranging from 1922 to 2011, with a peak in the year 2000s.	Multivariate	Regression	Real	515345	90	2011	Other	http://archive.ics.uci.edu/ml/datasets/YearPredictionMSD
200	PEMS-SF	15 months worth of daily data (440 daily records) that describes the occupancy rate, between 0 and 1, of different car lanes of the San Francisco bay area freeways across time.	Multivariate, Time-Series	Classification	Real	440	138672	2011	Computer	http://archive.ics.uci.edu/ml/datasets/PEMS-SF
201	OpinRank Review Dataset	This data set contains user reviews of cars and and hotels collected from Tripadvisor (~259,000 reviews) and Edmunds (~42,230 reviews).	Text					2011	Computer	http://archive.ics.uci.edu/ml/datasets/OpinRank+Review+Dataset
202	Relative location of CT slices on axial axis	The dataset consists of 384 features extracted from CT images. The class variable is numeric and denotes the relative location of the CT slice on the axial axis of the human body.	Domain-Theory	Regression	Real	53500	386	2011	Computer	http://archive.ics.uci.edu/ml/datasets/Relative+location+of+CT+slices+on+axial+axis
203	Online Handwritten Assamese Characters Dataset	This is a dataset of 8235 online handwritten assamese characters. The â€œonlineâ€� process involves capturing of data as text is written on a digitizing tablet with an electronic pen.	Multivariate, Sequential	Classification	Integer	8235		2011	Computer	http://archive.ics.uci.edu/ml/datasets/Online+Handwritten+Assamese+Characters+Dataset
204	PubChem Bioassay Data	These highly imbalanced bioassay datasets are from the differing types of screening that can be performed using HTS technology. 21 datasets were created from 12 bioassays.	Multivariate	Classification	Integer, Real			2011	Life	http://archive.ics.uci.edu/ml/datasets/PubChem+Bioassay+Data
205	Record Linkage Comparison Patterns	Element-wise comparison of records with personal data from a record linkage setting. The task is to decide from a comparison pattern whether the underlying records belong to one person.	Multivariate	Classification	Real	5749132	12	2011	Other	http://archive.ics.uci.edu/ml/datasets/Record+Linkage+Comparison+Patterns
206	Communities and Crime Unnormalized	Communities in the US. Data combines socio-economic data from the '90 Census, law enforcement data from the 1990 Law Enforcement Management and Admin Stats survey, and crime data from the 1995 FBI UCR	Multivariate	Regression	Real	2215	147	2011	Social	http://archive.ics.uci.edu/ml/datasets/Communities+and+Crime+Unnormalized
207	Vertebral Column	Data set containing values for six biomechanical features used to classify orthopaedic patients into 3 classes (normal, disk hernia or spondilolysthesis) or 2 classes (normal or abnormal).	Multivariate	Classification	Real	310	6	2011		http://archive.ics.uci.edu/ml/datasets/Vertebral+Column
208	EMG Physical Action Data Set	The Physical Action Data Set includes 10 normal and 10 aggressive physical actions that measure the human activity. The data have been collected by 4 subjects using the Delsys EMG wireless apparatus.	Time-Series	Classification	Real	10000	8	2011	Physical	http://archive.ics.uci.edu/ml/datasets/EMG+Physical+Action+Data+Set
209	Vicon Physical Action Data Set	The Physical Action Data Set includes 10 normal and 10 aggressive physical actions that measure the human activity. The data have been collected by 10 subjects using the Vicon 3D tracker.	Time-Series	Classification	Real	3000	27	2011	Physical	http://archive.ics.uci.edu/ml/datasets/Vicon+Physical+Action+Data+Set
210	Amazon Commerce reviews set	The dataset is used for authorship identification in online Writeprint which is a new research field of pattern recognition.	Multivariate, Text, Domain-Theory	Classification	Real	1500	10000	2011	Physical	http://archive.ics.uci.edu/ml/datasets/Amazon+Commerce+reviews+set
211	Amazon Access Samples	Amazon's InfoSec is getting smarter about the way Access data is leveraged. This is an anonymized sample of access provisioned within the company.	Time-Series, Domain-Theory	Regression, Clustering, Causal-Discovery		30000	20000	2011	Business	http://archive.ics.uci.edu/ml/datasets/Amazon+Access+Samples
212	Reuter_50_50	The dataset is used for authorship identification in online Writeprint which is a new research field of pattern recognition.	Multivariate, Text, Domain-Theory	Classification, Clustering	Real	2500	10000	2011	Computer	http://archive.ics.uci.edu/ml/datasets/Reuter_50_50
213	Farm Ads	This data was collected from text ads found on twelve websites that deal with various farm animal related topics.  The binary labels are based on whether or not the content owner approves of the ad.	Text	Classification		4143	54877	2011	Business	http://archive.ics.uci.edu/ml/datasets/Farm+Ads
214	DBWorld e-mails	It contains 64 e-mails which I have manually collected from DBWorld mailing list. They are classified in: 'announces of conferences' and 'everything else'.	Text	Classification		64	4702	2011	Computer	http://archive.ics.uci.edu/ml/datasets/DBWorld+e-mails
215	KEGG Metabolic Relation Network (Directed)	KEGG Metabolic pathways modeled as directed relation network. Variety of graphical features presented.	Multivariate, Univariate, Text	Classification, Regression, Clustering	Integer, Real	53414	24	2011	Life	http://archive.ics.uci.edu/ml/datasets/KEGG+Metabolic+Relation+Network+%28Directed%29
216	KEGG Metabolic Reaction Network (Undirected)	KEGG Metabolic pathways modeled as un-directed reaction network. Variety of graphical features presented.	Multivariate, Univariate, Text	Classification, Regression, Clustering	Integer, Real	65554	29	2011	Life	http://archive.ics.uci.edu/ml/datasets/KEGG+Metabolic+Reaction+Network+%28Undirected%29
217	Bank Marketing	The data is related with direct marketing campaigns (phone calls) of a Portuguese banking institution. The classification goal is to predict if the client will subscribe a term deposit (variable y).	Multivariate	Classification	Real	45211	17	2012	Business	http://archive.ics.uci.edu/ml/datasets/Bank+Marketing
218	YouTube Comedy Slam Preference Data	This dataset provides user vote data on which video from a pair of videos is funnier collected on YouTube Comedy Slam. The task is to automatically predict this preference based on video metadata.	Text	Classification		1138562	3	2012	Computer	http://archive.ics.uci.edu/ml/datasets/YouTube+Comedy+Slam+Preference+Data
219	Gas Sensor Array Drift Dataset	This archive contains 13910 measurements from 16 chemical sensors utilized in simulations for drift compensation in a discrimination task of 6 gases at various levels of concentrations.	Multivariate	Classification	Real	13910	128	2012	Computer	http://archive.ics.uci.edu/ml/datasets/Gas+Sensor+Array+Drift+Dataset
220	ILPD (Indian Liver Patient Dataset)	This data set contains 10 variables that are age, gender, total Bilirubin, direct Bilirubin, total proteins, albumin, A/G ratio, SGPT, SGOT and Alkphos.	Multivariate	Classification	Integer, Real	583	10	2012	Life	http://archive.ics.uci.edu/ml/datasets/ILPD+%28Indian+Liver+Patient+Dataset%29
221	OPPORTUNITY Activity Recognition	The OPPORTUNITY Dataset for Human Activity Recognition from Wearable, Object, and Ambient Sensors is a dataset devised to benchmark human activity recognition algorithms (classification, automatic data segmentation, sensor fusion, feature extraction, etc).	Multivariate, Time-Series	Classification	Real	2551	242	2012	Computer	http://archive.ics.uci.edu/ml/datasets/OPPORTUNITY+Activity+Recognition
222	Nomao	Nomao collects data about places (name, phone, localization...) from many sources.Deduplication consists in detecting what data refer to the same place.Instances in the dataset compare 2 spots.	Univariate	Classification	Real	34465	120	2012	Computer	http://archive.ics.uci.edu/ml/datasets/Nomao
223	SMS Spam Collection	The SMS Spam Collection is a public set of SMS labeled messages that have been collected for mobile phone spam research.	Multivariate, Text, Domain-Theory	Classification, Clustering	Real	5574		2012	Computer	http://archive.ics.uci.edu/ml/datasets/SMS+Spam+Collection
224	Skin Segmentation	The Skin Segmentation dataset is constructed over B, G, R color space. Skin and Nonskin dataset is generated using skin textures from face images of diversity of age, gender, and race people.	Univariate	Classification	Real	245057	4	2012	Computer	http://archive.ics.uci.edu/ml/datasets/Skin+Segmentation
225	Planning Relax	The dataset concerns with the classification of two mental stages from recorded EEG signals: Planning (during imagination of motor act) and Relax state.	Univariate	Classification	Real	182	13	2012	Computer	http://archive.ics.uci.edu/ml/datasets/Planning+Relax
226	PAMAP2 Physical Activity Monitoring	The PAMAP2 Physical Activity Monitoring dataset contains data of 18 different physical activities, performed by 9 subjects wearing 3 inertial measurement units and a heart rate monitor.	Multivariate, Time-Series	Classification	Real	3850505	52	2012	Computer	http://archive.ics.uci.edu/ml/datasets/PAMAP2+Physical+Activity+Monitoring
227	Restaurant & consumer data	The dataset was obtained from a recommender system prototype. The task was to generate a top-n list of restaurants according to the consumer preferences.	Multivariate			138	47	2012	Computer	http://archive.ics.uci.edu/ml/datasets/Restaurant+%26+consumer+data
228	CNAE-9	This is a data set containing 1080 documents of free text business descriptions of Brazilian companies categorized into asubset of 9 categories	Multivariate, Text	Classification	Integer	1080	857	2012	Business	http://archive.ics.uci.edu/ml/datasets/CNAE-9
229	Individual household electric power consumption	Measurements of electric power consumption in one household with a one-minute sampling rate over a period of almost 4 years. Different electrical quantities and some sub-metering values are available.	Multivariate, Time-Series	Regression, Clustering	Real	2075259	9	2012	Physical	http://archive.ics.uci.edu/ml/datasets/Individual+household+electric+power+consumption
230	seeds	Measurements of geometrical properties of kernels belonging to three different varieties of wheat. A soft X-ray technique and GRAINS package were used to construct all seven, real-valued attributes.	Multivariate	Classification, Clustering	Real	210	7	2012	Life	http://archive.ics.uci.edu/ml/datasets/seeds
231	Northix	Northix is designed to be a schema matching benchmark problem for data integration of two entity relationship databases.	Multivariate, Univariate, Text	Classification	Integer, Real	115	200	2012	Computer	http://archive.ics.uci.edu/ml/datasets/Northix
232	QtyT40I10D100K	Since there is no numerical sequential data stream available in standard data sets, this data set is generated from the original T40I10D100K data set	Sequential		Integer	3960456	4	2012		http://archive.ics.uci.edu/ml/datasets/QtyT40I10D100K
233	Legal Case Reports	A textual corpus of 4000 legal cases for automatic summarization and citation analysis. For each document we collect catchphrases, citations sentences, citation catchphrases and citation classes.	Text	Classification				2012	Other	http://archive.ics.uci.edu/ml/datasets/Legal+Case+Reports
234	Human Activity Recognition Using Smartphones	Human Activity Recognition database built from the recordings of 30 subjects performing activities of daily living (ADL) while carrying a waist-mounted smartphone with embedded inertial sensors.	Multivariate, Time-Series	Classification, Clustering		10299	561	2012	Computer	http://archive.ics.uci.edu/ml/datasets/Human+Activity+Recognition+Using+Smartphones
235	One-hundred plant species leaves data set	Sixteen samples of leaf each of one-hundred plant species. For each sample, a shape descriptor, fine scale margin and texture histogram are given.		Classification	Real	1600	64	2012	Life	http://archive.ics.uci.edu/ml/datasets/One-hundred+plant+species+leaves+data+set
